product_id,category,discount_percentage,rating,rating_count,review_title,rating_category
B09C6FML9B,USBCables,0.47,4.1,491,Value for money,high
B0B5ZF3NRK,USBCables,0.42,4.1,210,Best Alternative to Original Cable,high
B09RWZRCP1,USBCables,0.6,4.1,"1,780",Recommend,high
B08VJFYH6N,TableFans,0.41,4.1,"4,370",Best buy ever,high
B08VGM3YMF,LaundryBaskets,0.6,4.1,"1,996",Superb comfort,high
B009P2LITG,ElectricHeaters,0.34,4.1,"1,716",Good,high
B09DL9978Y,InstantWaterHeaters,0.48,4.1,444,Good,high
B017PDR9N0,Stands,0.7,4.1,"25,607",Good,high
B09ZPM4C2C,SmartTelevisions,0.65,4.1,398,Value for money,high
B07KY3FNQP,In-Ear,0.65,4.1,"91,770",Value for money!,high
B08VS3YLRK,WallChargers,0.65,4.1,"8,599",Good one working perfectly,high
B0BBWJFK5C,"PressureWashers,Steam&WindowCleaners",0.46,4.1,297,Good product best in 5k segment ..,high
B0972BQ2RS,SmartWatches,0.75,4.1,"42,139",Nice product but the touchscreen and app could have been better,high
B08MV82R99,ImmersionRods,0.36,4.1,"3,366",good,high
B09LHZSMRR,Smartphones,0.19,4.1,"31,822",Buy for normal daily use..,high
B08SBH499M,PCSpeakers,0.5,4.1,"5,195",Better at Price,high
B07NKNBTT3,LintShavers,0.35,4.1,"2,138",Value for money,high
B099K9ZX65,SmartTelevisions,0.53,4.1,"1,259",sound quality is also good for small leaving room.,high
B0BNV7JM5Y,SmartWatches,0.62,4.1,154,Nice watch,high
B094JB13XL,SmartWatches,0.58,4.1,"38,879",Nice watch under 2000,high
B09SB6SJB4,USBCables,0.78,4.1,265,Fast charging and length is 3 meters above,high
B07VSG5SXZ,HDMICables,0.58,4.1,24,Value for money  must buy it for eArc,high
B07CD2BN46,In-Ear,0.28,4.1,"1,19,466",Very Good Product,high
B09HV71RL1,USBCables,0.52,4.1,"1,045",Works fine,high
B09NTHQRW3,HandBlenders,0.2,4.1,"1,034",Good product,high
B01MF8MB65,In-Ear,0.3,4.1,"2,73,189",Superb,high
B09VT6JKRP,USBCables,0.8,4.1,425,Nice Product,high
B09LHYZ3GJ,Smartphones,0.19,4.1,"31,822",Buy for normal daily use..,high
B07W14CHV8,Caddies,0.75,4.1,"7,333",Worth the Price - Front Panel cover not included as shown in product description,high
B09CMP1SC8,USBCables,0.6,4.1,602,Nice & Best Charger Cabel,high
B09KLVMZ3B,USBCables,0.6,4.1,"4,768",Amazing product and value for money,high
B08MVXPTDG,FanHeaters,0.38,4.1,63,Good product at this price,high
B08XMG618K,USBCables,0.55,4.1,789,Good,high
B07WDK3ZS6,Smartphones,0.18,4.1,"19,252",About features,high
B0BB3CBFBM,SmartTelevisions,0.54,4.1,211,Overall a good product and Value for money,high
B012MQS060,Keyboard&MouseSets,0.28,4.1,"25,771",Good,high
B01DEWVZ2C,In-Ear,0.4,4.1,"1,92,587",Superb voice quality,high
B07SPVMSC6,CeilingFans,0.47,4.1,"9,349",,high
B0BHYJ8CVF,Keyboard&MouseSets,0.23,4.1,"10,443",It's really good,high
B0B8CB7MHW,HandBlenders,0.57,4.1,222,The product is by far good,high
B0B6BLTGTT,SmartWatches,0.5,4.1,"7,148",Best budget segment fitness watch,high
B00P93X2H6,CompositionNotebooks,0.11,4.1,"1,269",Good for note,high
B00UGZWM2I,Notepads&MemoBooks,0.75,4.1,"9,344",Good,high
B015OW3M1W,HDMICables,0.53,4.1,"28,638",It's a good product you can buy and trust.,high
B00SMJPA9C,DryIrons,0.47,4.1,"3,036",Good product,high
B08WRBG3XW,USBCables,0.6,4.1,"13,045",Boat ‚õµ cables,high
B07QDSN9V6,ElectricKettles,0.56,4.1,"8,090",i used for a day and then i order for one more for my child hostel. L,high
B09TWHTBKQ,Smartphones,0.29,4.1,"22,318",Galaxy M33 5G a mixed bag of Affordability,high
B0BDG6QDYD,FanHeaters,0.55,4.1,185,Activa chalao thand bhagao,high
B08KS2KQTK,DripCoffeeMachines,0.41,4.1,"1,456",Super,high
B0B2DD8BQ8,SandwichMakers,0.33,4.1,282,Its good.,high
B08TV2P1N8,In-Ear,0.65,4.1,"1,41,841",good quality,high
B00ABMASXG,ImmersionRods,0.25,4.1,"36,017",Good,high
B01FSYQ2A4,On-Ear,0.53,4.1,"97,175",Good quality,high
B096VF5YYF,SmartWatches,0.62,4.1,"48,449",Wach not working,high
B0B2X35B1K,SmartWatches,0.43,4.1,"10,229",Noise,high
B08GSQXLJ2,StorageWaterHeaters,0.4,4.1,"14,391",Good ... But some problems in installing,high
B00GHL8VP2,ElectricHeaters,0.3,4.1,"1,127",Doesn't heat Even small room,high
B083T5G5PM,In-Ear,0.25,4.1,"98,250",boAt 225 vs JBL CS100 vs Sennheisers cx180 | DETAILED Comparison after 1 YEAR of USE.,high
B09FHHTL8L,SprayBottles,0.57,4.1,212,Not sturdy,high
B09B9SPC7F,Lapdesks,0.62,4.1,"2,740",Costly but as per product description. You might get very cheaper in local market,high
B07Z3K96FR,ScreenProtectors,0.73,4.1,"5,730",Gud product in budget,high
B00O2R38C4,ExhaustFans,0.33,4.1,"12,999",not sure about dimension wise.,high
B00B7GKXMG,DryIrons,0.18,4.1,"1,106",Good,high
B09GFM8CGS,Smartphones,0.19,4.1,"3,13,832",Best Budget mobile,high
B08H9Z3XQW,In-Ear,0.69,4.1,"1,61,677",Best gaming earphone,high
B01DF26V7A,In-Ear,0.54,4.1,"1,92,589",Superb voice quality,high
B096VF5YYF,SmartWatches,0.62,4.1,"48,448",Wach not working,high
B0B7NWGXS6,ElectricHeaters,0.04,4.1,25,Worst product,high
B097R2V1W8,InstantWaterHeaters,0.56,4.1,"21,783",Instantly,high
B07KNM95JK,TonerCartridges,0.48,4.1,"2,535",SATISFACTORY,high
B09J2QCKKM,ImmersionRods,0.57,4.1,303,Very fast heating,high
B0BNVBJW2S,SmartWatches,0.69,4.1,154,Nice watch,high
B0162LYSFS,USBCables,0.54,4.1,"5,626",Ehh bhut lambi haii,high
B06Y36JKC3,MeasuringSpoons,0.5,4.1,"4,074",Low cost,high
B07F366Z51,ElectricKettles,0.6,4.1,"2,311",Short cord and narrow mouth.,high
B01N1XVVLC,FanHeaters,0.4,4.1,"1,017",Heats the the room very well,high
B09Q8HMKZX,USBCables,0.62,4.1,450,Good cable with decent price,high
B0B4F5L738,Smartphones,0.28,4.1,"18,998",Battery backup is good,high
B08JMC1988,OutdoorSpeakers,0.6,4.1,"18,331",Average,high
B07LFWP97N,LaptopSleeves&Slipcases,0.76,4.1,"1,092",Good,high
B07DFYJRQV,In-Ear,0.47,4.1,"53,648",Nice product,high
B09KLVMZ3B,USBCables,0.6,4.1,"4,768",Amazing product and value for money,high
B083RD1J99,Mice,0.18,4.1,"3,441",it should be Littel big,high
B07RCGTZ4M,Wet-DryVacuums,0.38,4.1,"3,552",Nice,high
B01LWYDEQ7,Choppers,0.6,4.1,"2,70,563",Good product.,high
B0B2C5MJN6,SmartTelevisions,0.4,4.1,"1,555",Good product,high
B09F6VHQXB,StandardTelevisions,0.63,4.1,"2,581",Budget free,high
B0B5LVS732,SmartWatches,0.62,4.1,"10,689",Good,high
B09Q8WQ5QJ,USBCables,0.5,4.1,"1,508",A good contender for well known branded C2C cables.,high
B09GFLXVH9,Smartphones,0.24,4.1,"3,13,836",Best Budget mobile,high
B07NPBG1B4,PedestalFans,0.4,4.1,"5,873",Nice fan,high
B09GFN8WZL,GraphicTablets,0.62,4.1,"1,779",Good,high
B0B4F4QZ1H,Smartphones,0.28,4.1,"18,998",Battery backup is good,high
B00O24PUO6,FanHeaters,0.11,4.1,"14,120",Very good much üôèüôè,high
B09ZPL5VYM,Stands,0.6,4.1,"1,786",Mobile stand,high
B0B5LVS732,SmartWatches,0.6,4.1,"10,689",Good,high
B09LD3116F,DomeCameras,0.38,4.1,"3,606",Great product,high
B07MP21WJD,LintShavers,0.18,4.1,"1,660",Amazing product,high
B09QS9X16F,Smartphones,0.32,4.1,"50,772",but software is not,high
B09GFPVD9Y,Smartphones,0.23,4.1,"3,13,836",Best Budget mobile,high
B0856HY85J,Over-Ear,0.64,4.1,"55,192",After 1 year of usage,high
B0763K5HLQ,MilkFrothers,0.27,4.1,"4,401",Good,high
B09VZBGL1N,Stands,0.8,4.1,"2,451",Good,high
B08FGNPQ9X,Routers,0.6,4.1,"10,725",Great choice if you want a wi-fi UPS with good battery backup,high
B095JQVC7N,SmartTelevisions,0.28,4.1,"6,753",Good,high
B09FPP3R1D,EggBoilers,0.35,4.1,827,Only replace,high
B099FDW2ZF,ElectricHeaters,0.18,4.1,203,good,high
B00E9G8KOY,WaterPurifierAccessories,0.0,4.1,"10,907",upset with product not good,high
B09WMTJPG7,InstantWaterHeaters,0.41,4.1,"14,947",Nice product easy to install and easy to operate,high
B08WRWPM22,USBCables,0.65,4.1,"15,188",1.5 m ‡§ï‡§æ ‡§ï‡•á‡§¨‡§≤ ‡§Æ‡•á‡§∞‡•á ‡§≤‡§ø‡§è ‡§¨‡§π‡•Å‡§§ ‡§π‡•Ä ‡§≤‡§æ‡§≠‡§¶‡§æ‡§Ø‡§ï ‡§π‡•à ‡•§,high
B08WRBG3XW,USBCables,0.6,4.1,"13,045",Can't support Oppo mobile for fast charging,high
B09LJ116B5,Smartphones,0.19,4.1,"31,822",Buy for normal daily use..,high
B0B4F3QNDM,Smartphones,0.28,4.1,"18,998",Battery backup is good,high
B0B296NTFV,Mice,0.5,4.1,"1,597",Nice and comfortable,high
B09P22HXH6,Webcams,0.66,4.1,"10,976",Good product,high
B0B2CPVXHX,ScreenProtectors,0.75,4.1,670,Poor product and poor resolution to complaint,high
B08D6RCM3Q,LaundryBaskets,0.61,4.1,"1,051",Good product,high
B07QCWY5XV,SelfieSticks,0.57,4.1,"14,560",Nice,high
B09RFB2SJQ,SmartWatches,0.74,4.1,412,Good smart watch,high
B09J2SCVQT,JuicerMixerGrinders,0.61,4.1,"4,927",Good one easy to use,high
B07NCKMXVZ,LintShavers,0.54,4.1,"3,578",Good Product,high
B07PR1CL3S,On-Ear,0.69,4.1,"1,07,151",Good Product of boAt,high
B01DEWVZ2C,In-Ear,0.4,4.1,"1,92,590",Superb voice quality,high
B01FSYQ2A4,On-Ear,0.53,4.1,"97,174",Good quality,high
B07S9S86BF,In-Ear,0.6,4.1,"1,61,679",Good quality,high
B0162K34H2,USBCables,0.15,4.1,"6,736",Worth Your Money and best alternative,high
B07W6VWZ8C,OutdoorSpeakers,0.55,4.1,"30,469",Superb yet portable speaker,high
B00LY17RHI,FountainPens,0.0,4.1,"4,798",Superb Fountain Pen for all types of users,high
B0085IATT6,Routers,0.5,4.1,"22,375",Not too much good,high
B08CHKQ8D4,USBCables,0.52,4.1,"1,045",Works fine,high
B092R48XXB,RoboticVacuums,0.37,4.1,"2,536",A helping hand for working women,high
B083GQGT3Z,TVWall&CeilingMounts,0.5,4.1,"1,161",Very strong and sturdy,high
B09Q8HMKZX,USBCables,0.62,4.1,450,Good cable with decent price,high
B0BFWGBX61,USBCables,0.43,4.1,314,charging speed ‚òπÔ∏è,high
B098JYT4SY,Mice,0.66,4.1,"2,809",Good,high
B01LONQBDG,USBCables,0.61,4.1,"14,896",Good quality usb c to usb b adapter cable 8 inch,high
B0BFWGBX61,USBCables,0.43,4.1,314,charging speed ‚òπÔ∏è,high
B0949FPSFY,DigitalKitchenScales,0.6,4.1,"2,162",ONE IN A MILLION,high
B002PD61Y4,WirelessUSBAdapters,0.58,4.1,"8,131",Surveillance Camera In My House,high
B07N8RQ6W7,Stands,0.81,4.1,"16,685",Good üëç,high
B07H8W9PB6,GraphicTablets,0.65,4.1,21,Erase button not working ü§¨,high
B01IOZUHRS,LaptopChargers&PowerSupplies,0.64,4.1,"10,174",Laptop cord,high
B00SMFPJG0,WaterCartridges,0.03,4.1,"7,786",‡≤â‡≤§‡≥ç‡≤§‡≤Æ,high
B0188KPKB2,MixerGrinders,0.62,4.1,"11,828",Good,high
B0B4F1YC3J,Smartphones,0.28,4.1,"18,998",Battery backup is good,high
B08K36NZSV,WaterPurifierAccessories,0.5,4.3,"1,436",Overall this is a good product.,high
B00OFM6PEO,USBCables,0.63,4.3,"1,902",Okaysih,high
B07KRCW6LZ,WirelessUSBAdapters,0.38,4.3,"12,093",Excellent Speeds and Coverage!,high
B013B2WGT6,DigitalKitchenScales,0.42,4.3,"15,276",Good Product,high
B0B1YZX72F,SmartTelevisions,0.32,4.3,"4,703",Super designed,high
B08TTRVWKY,EggBoilers,0.42,4.3,"1,811",Must buy,high
B01D5H8ZI8,HDMICables,0.62,4.3,"12,835",Works well and good quality,high
B08Y5QJXSR,CeilingFans,0.31,4.3,"28,629",Ok üëçüëçüëç ok,high
B008FWZGSG,USBCables,0.0,4.3,355,Good,high
B09KGV7WSV,StylusPens,0.65,4.3,"17,129",Value for money pen,high
B08JKPVDKL,MeasuringSpoons,0.6,4.3,"2,326",Good quality product,high
B09QGZFBPM,USBCables,0.6,4.3,"2,806",Very good product,high
B082T6V3DT,USBCables,0.62,4.3,"8,188",Absolutely fantastic USBüëçüëçüëç,high
B079S811J3,Headsets,0.34,4.3,"14,237",Paisa Vasool product as per budget.,high
B09P182Z2H,Humidifiers,0.43,4.3,168,mist is like a cloud,high
B0759QMF85,Routers,0.36,4.3,"68,409",Class product from TP-Link! A worthy investment.,high
B09M8888DM,USBHubs,0.38,4.3,"2,125",Useful USB multiplier,high
B08QSDKFGQ,USBCables,0.69,4.3,974,Ok,high
B09NNZ1GF7,LintShavers,0.55,4.3,229,Value for money,high
B07QMRHWJD,Lamps,0.7,4.3,"1,552",Nice product,high
B009VCGPSY,Mice,0.59,4.3,"54,315",HP X1000 Wired USB Mouse,high
B08BQ947H3,CameraPrivacyCovers,0.0,4.3,"10,833",RESEARCH PROPERLY BEFORE BUYING! NOT SUITABLE FOR MACBOOKS!,high
B08S7V8YTN,EggBoilers,0.66,4.3,"1,802",Good,high
B08497Z1MQ,GamingMice,0.14,4.3,"2,301",Perfect üëç,high
B06XSK3XL6,AutomobileChargers,0.43,4.3,"38,221",‡§¨‡§π‡•Å‡§§ ‡§π‡•Ä ‡§Ö‡§ö‡•ç‡§õ‡§æ ‡§ö‡§æ‡§∞‡•ç‡§ú‡§∞ ‡§π‡•à,high
B082T6GVLJ,USBCables,0.53,4.3,"6,547",Stopped working in less than a month,high
B07Z1YVP72,LaptopSleeves&Slipcases,0.55,4.3,"11,330",Excellent,high
B0B5YBGCKD,ScreenProtectors,0.75,4.3,714,A perfect fit for iPhone 13 and has transparent edges too.,high
B0B3NDPCS9,SmartWatches,0.78,4.3,"17,161",Average Wrist Band.,high
B08RZ5K9YH,WallChargers,0.5,4.3,"1,777",Average,high
B01LYU3BZF,CeilingFans,0.31,4.3,"9,650",Good performance,high
B08H5L8V1L,USBCables,0.66,4.3,"3,049",Good üëç,high
B07TR5HSR9,Lapdesks,0.56,4.3,"25,903",Durability and easy to use,high
B07PFJ5VQD,USBCables,0.73,4.3,"14,184",Good,high
B092BJMT8Q,SmartTelevisions,0.41,4.3,"7,109",Value for money product,high
B08DPLCM6T,SmartTelevisions,0.39,4.3,"11,976",Good,high
B07KRCW6LZ,WirelessUSBAdapters,0.38,4.3,"12,093",Excellent Speeds and Coverage!,high
B0819ZZK5K,PenDrives,0.6,4.3,"53,464",Very good,high
B08HVJCW95,PowerBanks,0.48,4.3,"1,78,912",GOAT,high
B07DKZCZ89,Cases,0.76,4.3,"15,032",Good,high
B09GP6FBZT,ScreenProtectors,0.7,4.3,"8,891",Excellent customer support with a perfect product,high
B00DJ5N9VK,ColouringPens&Markers,0.0,4.3,"15,867",Good buy during sale,high
B077Z65HSD,USBCables,0.7,4.3,"20,850",Nice quality,high
B07PFJ5W31,OTGAdapters,0.72,4.3,"14,185",Good,high
B07SLMR1K6,PenDrives,0.62,4.3,"30,058",Average,high
B07N42JB4S,Tabletop&TravelTripods,0.8,4.3,"27,139",Ok Good,high
B095X38CJS,ColouredPaper,0.0,4.3,388,Nice bright colour,high
B0B3XXSB1K,SmartTelevisions,0.4,4.3,"1,376",It is quite ok,high
B09CYTJV3N,DomeCameras,0.25,4.3,"44,696",Not up to mark,high
B0B3CPQ5PF,Smartphones,0.0,4.3,"17,415",everything else is good.,high
B07Z1Z77ZZ,LaptopSleeves&Slipcases,0.55,4.3,"9,701",Good choice under 400,high
B00ZYLMQH0,Keyboards,0.69,4.3,"28,829",good,high
B09DG9VNWB,SmartWatches,0.6,4.3,"4,744",Good,high
B09MT6XSFW,MicroSD,0.68,4.3,"1,40,036",Worth it,high
B0926V9CTV,Stands,0.85,4.3,"2,351",good,high
B08BQ947H3,CameraPrivacyCovers,0.0,4.3,"10,833",RESEARCH PROPERLY BEFORE BUYING! NOT SUITABLE FOR MACBOOKS!,high
B009UORDX4,DryIrons,0.03,4.3,"7,223",Superb Project ü•∞,high
B08CF3D7QR,USBCables,0.55,4.3,"13,391",Not a fast charger,high
B07CWNJLPC,USBCables,0.58,4.3,"5,451",Great i have been using for 6 month,high
B0B16KD737,SmartTelevisions,0.47,4.3,592,Youtub is slow but all perform best,high
B0B3RRWSF6,SmartWatches,0.8,4.3,"27,696",Having a great experience,high
B078JDNZJ8,InstantWaterHeaters,0.42,4.3,"11,924",Nice product and good service,high
B0073QGKAS,Pop-upToasters,0.0,4.3,"9,331",Excellent,high
B082T6V3DT,USBCables,0.62,4.3,"8,188",Absolutely fantastic USBüëçüëçüëç,high
B015ZXUDD0,RechargeableBatteries,0.2,4.3,"11,687",Good among all rechargable batree,high
B071SDRGWL,USBCables,0.5,4.3,"20,850",Nice quality,high
B017NC2IPM,Routers,0.38,4.3,"20,342",Good one to buy,high
B08HV83HL3,PowerBanks,0.07,4.3,"1,78,912",GOAT,high
B0B3RSDSZ3,SmartWatches,0.8,4.3,"27,696",Having a great experience,high
B077Z65HSD,USBCables,0.7,4.3,"20,850",Nice quality,high
B08XXVXP3J,USBCables,0.75,4.3,112,Not working,high
B09MT84WV5,MicroSD,0.74,4.3,"1,40,035",Good quality,high
B07BRKK9JQ,Keyboard&MouseSets,0.19,4.3,"27,223",Cool looking,high
B008QTK47Q,SteamIrons,0.08,4.3,"37,974",Not good,high
B09RWQ7YR6,SmartTelevisions,0.33,4.3,"21,252",Good,high
B08YD264ZS,Lapdesks,0.6,4.3,"1,690",Best buy,high
B09MTLG4TP,LintShavers,0.55,4.3,610,Easy to use,high
B07YL54NVJ,ExternalMemoryCardReaders,0.45,4.3,"7,758",Use full product,high
B08PV1X771,SmartTelevisions,0.26,4.3,"16,299",A budget friendly TV with a clumsy UI and Remote,high
B0B15CPR37,SmartTelevisions,0.31,4.3,"7,109",Value for money product,high
B0B9959XF3,SmartTelevisions,0.46,4.3,"1,611",Budget friendly Smart TV,high
B0B3XY5YT4,SmartTelevisions,0.38,4.3,"1,376",It is quite ok,high
B0BCKWZ884,RemoteControls,0.82,4.3,407,Perfect for samsung frame series solar remote,high
B07F6GXNPB,HandheldBags,0.49,4.3,"2,664",Very good,high
B07JJFSG2B,PenDrives,0.64,4.3,"55,747",some glich happening otherwise good,high
B07Z53L5QL,Cases,0.63,4.3,"11,006",Beautiful product received,high
B0BC9BW512,SmartTelevisions,0.24,4.3,"4,702",Super designed,high
B07B88KQZ8,BluetoothSpeakers,0.33,4.3,"63,899",Not a significant upgrade from JBL Go,high
B08498H13H,GamingKeyboards,0.57,4.3,408,It is good if you get it under 2000 otherwise don't buy it,high
B09MT84WV5,MicroSD,0.71,4.3,"1,40,036",Worth it,high
B0B15GSPQW,SmartTelevisions,0.32,4.3,"7,109",Value for money product,high
B07WHS7MZ1,Smartphones,0.25,4.3,"8,399",‚ù§Ô∏è,high
B01EZ0X3L8,PenDrives,0.56,4.3,"82,356",Very good product,high
B0B3D39RKV,Smartphones,0.0,4.3,"17,415",everything else is good.,high
B00ZRBWPA0,DisposableBatteries,0.12,4.3,989,Value for money,high
B0B1YY6JJL,SmartTelevisions,0.31,4.3,"4,703",Super designed,high
B09XRBJ94N,SandwichMakers,0.55,4.3,562,could have been somewhat lower in price,high
B07P434WJY,InkjetInkRefills&Kits,0.73,4.3,"1,367",Very good product,high
B07S7DCJKS,MousePads,0.6,4.3,"9,998",ABC,high
B08DDRGWTJ,USBCables,0.23,4.3,"30,411",I am veri happy with this product as it provide turbo charging.,high
B08DPLCM6T,SmartTelevisions,0.39,4.3,"11,976",Good,high
B07GXHC691,Stands,0.8,4.3,"42,641",Value for money,high
B09MJ77786,SmartTelevisions,0.36,4.3,"21,252",Tv is good but after 3  month my tv screen gone,high
B09HSKYMB3,Smartphones,0.21,4.3,"1,376",Too good,high
B0B3N7LR6K,SmartWatches,0.76,4.3,"17,162",Average Wrist Band.,high
B00LM4X0KU,BottledInk,0.0,4.3,"3,095",Very good,high
B08Y57TPDM,GeneralPurposeBatteries&BatteryChargers,0.42,4.3,485,SANTOSH PRASAD,high
B0B3RS9DNF,SmartWatches,0.8,4.3,"27,704",Having a great experience,high
B09KGV7WSV,StylusPens,0.65,4.3,"17,129",Value for money pen,high
B07YNHCW6N,Cases,0.78,4.3,"5,556",Quality is good,high
B08QSC1XY8,USBCables,0.65,4.3,974,Ok,high
B08M66K48D,ScreenProtectors,0.5,4.3,"4,674",Best tempered glass used till date,high
B0B1YZ9CB8,SmartTelevisions,0.31,4.3,"4,703",Super designed,high
B08498D67S,GamingKeyboards,0.36,4.3,"4,723",Budget friendly keyboard with 3years of warranty.,high
B08NW8GHCJ,USBCables,0.61,4.3,838,Highly recommended,high
B0974G5Q2Y,USBCables,0.73,4.3,"20,850",Nice quality,high
B01M265AAK,ElectricHeaters,0.17,4.3,356,works decently.,high
B0B25LQQPC,InternalSolidStateDrives,0.46,4.3,"2,515",Good product at this price point.,high
B09XJ1LM7R,RemoteControls,0.5,4.3,12,do not buy,high
B08CDKQ8T6,USBCables,0.56,4.3,"7,064",Great quality,high
B07FJNNZCJ,WaterFilters&Purifiers,0.33,4.3,"5,891",V guard water purifier,high
B076VQS87V,DryIrons,0.43,4.3,"1,868",Superb quality,high
B08QSC1XY8,USBCables,0.65,4.3,974,Ok,high
B09QGZM8QB,USBCables,0.6,4.3,"2,806",Very good product,high
B00LM4W1N2,RetractableBallpointPens,0.2,4.3,"5,719",Good,high
B078WB1VWJ,DryIrons,0.31,4.3,"4,022",Ironbox stopped working after 4 months  of purchase,high
B09W9V2PXG,DigitalKitchenScales,0.62,4.3,532,Digital Luggage Scale with Target Value Setting,high
B00VA7YYUO,WoodenPencils,0.0,4.3,"5,036",Best in its class!,high
B0B1YVCJ2Y,SmartTelevisions,0.42,4.3,"4,703",Super designed,high
B084PJSSQ1,PenDrives,0.57,4.3,"23,022",superb,high
B07YTNKVJQ,USBCables,0.62,4.3,"30,411",I am veri happy with this product as it provide turbo charging.,high
B082T6V3DT,USBCables,0.62,4.3,"8,188",Absolutely fantastic USBüëçüëçüëç,high
B084872DQY,SmartTelevisions,0.0,4.3,"27,508",........,high
B01N6LU1VF,PenDrives,0.59,4.3,"1,89,104",Good,high
B095XCRDQW,LaundryBaskets,0.41,4.3,"5,911",problem is with the lid.,high
B08WKFSN84,USBCables,0.66,4.3,"2,806",Very good product,high
B0B3CQBRB4,Smartphones,0.0,4.3,"17,415",everything else is good.,high
B0746N6WML,StickBallpointPens,0.24,4.3,"2,493",Pen is Best Gift for Everyone.,high
B07LDPLSZC,DryIrons,0.29,4.2,"4,184",Good,high
B0B8CXTTG3,SmartTelevisions,0.35,4.2,"32,840",Awesome,high
B0B3MMYHYW,SmartTelevisions,0.28,4.2,"7,298",Picture,high
B0B2CWRDB1,"PressureWashers,Steam&WindowCleaners",0.4,4.2,170,Nice Product.,high
B0088TKTY2,WirelessUSBAdapters,0.54,4.2,"1,79,691",Very good,high
B07YCBSCYB,InductionCooktop,0.39,4.2,780,Good.,high
B07JH1C41D,USBCables,0.68,4.2,"24,269",As of now seems good,high
B09MT94QLL,CeilingFans,0.58,4.2,"1,353",Value for money spent,high
B08TR61BVK,LaptopSleeves&Slipcases,0.8,4.2,"2,868",Unbelievable product in this Price Range,high
B0756CLQWL,Gamepads,0.58,4.2,"25,488",Product,high
B07TC9F7PN,StorageWaterHeaters,0.49,4.2,"3,195",Quick service,high
B09F9YQQ7B,SmartTelevisions,0.44,4.2,"45,238",Go for it without thinking twice.,high
B085CZ3SR1,WallChargers,0.17,4.2,"21,916",Good charger,high
B078V8R9BS,Kettle&ToasterSets,0.33,4.2,"35,693",Nice kettle in 699 rs,high
B01F7B2JCI,MeasuringSpoons,0.59,4.2,"4,971",Good,high
B00CEQEGPI,Keyboard&MouseSets,0.41,4.2,"17,413",Nice Product,high
B08KRMK9LZ,StylusPens,0.66,4.2,"6,233",Functional for casual use,high
B07JNVF678,USBCables,0.65,4.2,"13,120",Life of product is good  .,high
B00KIDSU8S,ExhaustFans,0.15,4.2,"7,801",No bad,high
B09ZK6THRR,DryIrons,0.52,4.2,"1,559",Get heat very fast but cold very fast,high
B09YV4MW2T,SmartWatches,0.78,4.2,"29,478",Good Product as per the price charged,high
B07GVGTSLN,USBCables,0.75,4.2,"10,576",Cable a Nice product,high
B00935MGHS,SandwichMakers,0.33,4.2,"5,967",Good product,high
B00F159RIK,DryIrons,0.2,4.2,"5,355",Why package is very poor,high
B01M4GGIVU,HDMICables,0.72,4.2,"12,153",Good product.,high
B01GGKZ0V6,USBCables,0.61,4.2,"29,746",Good,high
B08CRRQK6Z,SoundbarSpeakers,0.6,4.2,"4,541",So sweet sound but subwoofer not good,high
B0B8ZWNR5T,D√©cor,0.84,4.2,"1,949",Its good item in this money,high
B08VB57558,Smartphones,0.49,4.2,"27,790",Good for the price.,high
B09MQSCJQ1,SmartWatches,0.71,4.2,"69,622",Grt,high
B08HLC7Z3G,Kettle&ToasterSets,0.61,4.2,"5,178",makes life so easy and convenient.,high
B0BBMGLQDW,HDMICables,0.7,4.2,47,enchanced Quality,high
B085DTN6R2,USBCables,0.61,4.2,"2,262",Nice,high
B09ZPJT8B2,SmartTelevisions,0.63,4.2,64,Paisa vasul,high
B09Q5SWVBJ,SmartTelevisions,0.27,4.2,"34,899",Budget friendly TV,high
B09Z6WH2N1,D√©cor,0.81,4.2,"1,949",Its good item in this money,high
B08SMJT55F,BluetoothSpeakers,0.7,4.2,"2,908",Very good,high
B08CYNJ5KY,InkjetInkCartridges,0.04,4.2,"4,567",Good,high
B08HDJ86NZ,USBCables,0.53,4.2,"94,364",Very nice it's charging like jet,high
B07232M876,USBCables,0.5,4.2,"92,595",Excellent quality cable,high
B0BMGG6NKT,Smartphones,0.22,4.2,284,A GOOD AND AFFORDABLE PRODUCT,high
B00HVXS7WC,MixerGrinders,0.38,4.2,"41,349",Useful,high
B0873L7J6X,On-Ear,0.63,4.2,"42,775",good,high
B09YV4RG4D,SmartWatches,0.81,4.2,"22,636",Not bad,high
B08CF3B7N1,USBCables,0.61,4.2,"16,905",Good product,high
B08HDJ86NZ,USBCables,0.53,4.2,"94,364",Very nice it's charging like jet,high
B08CTQP51L,ScreenProtectors,0.75,4.2,"4,149",1 year of use,high
B07F1P8KNV,USBCables,0.7,4.2,"10,576",Cable a Nice product,high
B01C8P29N0,DryIrons,0.55,4.2,"23,316",Heat temprature very slow,high
B09DSXK8JX,SmartTelevisions,0.46,4.2,"1,510",Good,high
B01C8P29T4,DryIrons,0.24,4.2,"24,247",tepreture control..,high
B07JW9H4J1,USBCables,0.64,4.2,"24,269",As of now seems good,high
B07XLML2YS,DomeCameras,0.24,4.2,"93,112",Upto mark,high
B0BF54LXW6,SmartWatches,0.91,4.2,"13,937",The step count is not that accurate but the call quality and other things are good,high
B09XBJ1CTN,WallChargers,0.35,4.2,"1,315",best value for money,high
B09J2MM5C6,BasicCases,0.81,4.2,"2,646",iPhone 13 back cover,high
B09M3F4HGB,ElectricHeaters,0.5,4.2,79,Nice product,high
B083RCTXLL,Mice,0.43,4.2,"8,258",3 years warrenty vs 1 year,high
B09CMQRQM6,USBCables,0.44,4.2,919,Good for charging Not good for data transfer,high
B09VCHLSJF,SmartTelevisions,0.25,4.2,"7,298",Picture,high
B09YHLPQYT,RemoteControls,0.59,4.2,143,It's a good and solid fit,high
B09NBZ36F7,InductionCooktop,0.48,4.2,"11,199",Good üëç,high
B0883LQJ6B,DryIrons,0.29,4.2,"4,580",Best iron box,high
B09C6HWG18,USBCables,0.51,4.2,462,Good,high
B00A0VCJPI,Repeaters&Extenders,0.41,4.2,"1,56,638",it‚Äôs for 2.4Ghz,high
B0B6F98KJJ,SmartTelevisions,0.27,4.2,"32,840",Awesome,high
B09TBCVJS3,SmartWatches,0.25,4.2,"30,355",Sleep tracking,high
B08FD2VSD9,SmartTelevisions,0.52,4.2,"2,951",value for money,high
B09YV4MW2T,SmartWatches,0.78,4.2,"29,471",Good in budget,high
B085DTN6R2,USBCables,0.61,4.2,"2,262",Nice,high
B0B61HYR92,USBCables,0.8,4.2,85,Super service,high
B09MQSCJQ1,SmartWatches,0.71,4.2,"69,619",Grt,high
B00P93X0VO,WireboundNotebooks,0.05,4.2,"8,938",It useful but buy it only when the price is under 100. Then u will get the profit.,high
B00YQLG7GK,HandBlenders,0.0,4.2,"14,290",Nice product,high
B09PLD9TCD,SmartTelevisions,0.37,4.2,"1,510",Good,high
B0BDS8MY8J,InternalHardDrives,0.8,4.2,362,Best caddy in the market,high
B08243SKCK,SprayBottles,0.37,4.2,"2,737",Value for money,high
B09RKFBCV7,SmartWatches,0.75,4.2,"31,305",will share feedback again after the usage.,high
B07JGDB5M1,USBCables,0.65,4.2,"24,269",As of now seems good,high
B07232M876,USBCables,0.5,4.2,"92,595",Excellent quality cable,high
B082T6GVG9,USBCables,0.54,4.2,"42,301",Good,high
B09T3KB6JZ,SmartTelevisions,0.54,4.2,"6,659",It's good,high
B005LJQMZC,OpticalCables,0.76,4.2,"30,023",Worked as expected,high
B07VZYMQNZ,ElectricKettles,0.18,4.2,"1,527",Gud,high
B00KXULGJQ,Repeaters&Extenders,0.66,4.2,"49,551",ONE TIME INVESTMENT,high
B099S26HWG,CompositionNotebooks,0.0,4.2,419,I loved it...,high
B07924P3C5,USBCables,0.63,4.2,"2,117",GOOD,high
B0B2PQL5N3,MousePads,0.77,4.2,"1,528",Good.. But could've been excellent.,high
B06XPYRWV5,Pop-upToasters,0.39,4.2,"4,244",Nice product,high
B0BF563HB4,SmartWatches,0.91,4.2,"13,937",The step count is not that accurate but the call quality and other things are good,high
B07JPJJZ2H,USBCables,0.69,4.2,"13,120",Life of product is good  .,high
B09YV3K34W,SmartWatches,0.78,4.2,"29,472",Good in budget,high
B09C6HWG18,USBCables,0.51,4.2,462,Good,high
B0BF4YBLPX,SmartWatches,0.91,4.2,"13,937",The step count is not that accurate but the call quality and other things are good,high
B07NC12T2R,BluetoothSpeakers,0.64,4.2,"41,226",i like this speaker sooooooo much üëåüëåüëå,high
B09Q5P2MT3,SmartTelevisions,0.22,4.2,"34,899",Budget friendly TV,high
B07D2NMTTV,SteamIrons,0.09,4.2,"1,899",Light weight and very adjustable to ur family needs,high
B0BK1K598K,LintShavers,0.55,4.2,900,Nice product,high
B00EYW1U68,Repeaters&Extenders,0.56,4.2,"16,182",Extender is good but no 5G,high
B07JW9H4J1,USBCables,0.64,4.2,"24,269",As of now seems good,high
B08CF3B7N1,USBCables,0.61,4.2,"16,905",Good product,high
B07JW9H4J1,USBCables,0.64,4.2,"24,270",As of now seems good,high
B0B8SSZ76F,USBCables,0.6,4.2,"8,583",Good product,high
B09YV463SW,SmartWatches,0.85,4.2,"22,638",Not bad,high
B09T3H12GV,Keyboard&MouseSets,0.44,4.2,"33,717",Good.,high
B08B6XWQ1C,TripodLegs,0.65,4.2,"6,676",Small size but still sturdy strong . Useful for bigeners.,high
B078W65FJ7,On-Ear,0.66,4.2,"91,188",Sound and mic quality good but not comfortable,high
B085DTN6R2,USBCables,0.61,4.2,"2,263",Nice,high
B09WRMNJ9G,Smartphones,0.1,4.2,"11,029",Okay,high
B07LFQLKFZ,LiquidInkRollerballPens,0.0,4.2,"1,926",Best parker pen with very cool design,high
B01GGKZ0V6,USBCables,0.61,4.2,"29,746",Good,high
B09Z6WH2N1,D√©cor,0.81,4.2,"1,949",Its good item in this money,high
B002SZEOLG,WirelessUSBAdapters,0.44,4.2,"1,79,692",Very good,high
B00A7PLVU6,HandBlenders,0.16,4.2,"18,462",Using it since 2019,high
B09HK9JH4F,RemoteControls,0.5,4.2,"1,335",Perfect size for amazon firestick,high
B07LGT55SJ,USBCables,0.64,4.2,"24,269",As of now seems good,high
B09474JWN6,LintShavers,0.33,4.2,386,Must have product for Winter clothes,high
B00H3H03Q4,WaterCartridges,0.0,4.2,"13,250",Good it helping us,high
B09X1M3DHX,SmartTelevisions,0.64,4.2,"1,269",Nice product .,high
B07JW1Y6XV,USBCables,0.64,4.2,"24,269",As of now seems good,high
B0BL11S5QK,InductionCooktop,0.59,4.2,156,Nice product,high
B01L7C4IU2,CeilingFans,0.28,4.2,"2,686",Good performance,high
B0B6F7LX4C,SmartTelevisions,0.44,4.2,"32,840",Awesome,high
B08HDH26JX,USBCables,0.57,4.2,"94,363",Very nice it's charging like jet,high
B08D64C9FN,GamingMice,0.79,4.2,"8,537",Perfect Product,high
B08SJVD8QD,DigitalKitchenScales,0.03,4.2,"3,739",That's a good kitchen scalar machine must buy.,high
B07Y5FDPKV,HandBlenders,0.27,4.2,"14,160",KENT 16051 Hand Blender 300 W,high
B09F9YQQ7B,SmartTelevisions,0.44,4.2,"45,237",Go for it without thinking twice.,high
B0789LZTCJ,USBCables,0.63,4.2,"94,363",Very nice it's charging like jet,high
B08L879JSN,Monitors,0.54,4.2,"2,014",Decent monitor at this price with limitation,high
B08Y55LPBF,SmartTelevisions,0.27,4.2,"45,238",Go for it without thinking twice.,high
B01LYLJ99X,PenDrives,0.65,4.2,"4,959",Good,high
B01M5967SY,HDMICables,0.62,4.2,"12,153",Good product.,high
B01HGCLUH6,Routers,0.32,4.2,"1,22,478",Works good,high
B00A328ENA,Rice&PastaCookers,0.25,4.2,"3,740",Looks elegant,high
B00EDJJ7FS,InductionCooktop,0.39,4.2,"39,724",Good,high
B0993BB11X,PowerBanks,0.38,4.0,"7,222",Good product,high
B0BBN56J5H,Smartphones,0.28,4.0,"7,807",10/10 value for money ü§ë,high
B09PNR6F8Q,USBCables,0.38,4.0,"6,558",V good product,high
B0758F7KK7,TVWall&CeilingMounts,0.6,4.0,"1,236",This costs approx 200 in the local market.,high
B07X963JNS,PowerBanks,0.64,4.0,"36,384",Can‚Äôt be repaired,high
B09V2PZDX8,BasicMobiles,0.19,4.0,"1,28,311",..,high
B082LSVT4B,USBCables,0.38,4.0,"43,994",Good quality for the price but one issue with my unit,high
B08WD18LJZ,GraphicTablets,0.59,4.0,"1,208",a best device for your child to make them intrested to study and practice.,high
B08R69VDHT,USBCables,0.77,4.0,"7,732",Value for money,high
B0BLV1GNLN,Projectors,0.35,4.0,27,Experience,high
B097R25DP7,SmartWatches,0.68,4.0,"67,951",Noise,high
B08DCVRW98,RemoteControls,0.58,4.0,479,Excellent product!! Works well,high
B097R25DP7,SmartWatches,0.68,4.0,"67,950",Noise,high
B094JNXNPV,USBCables,0.25,4.0,"2,766",‡§™‡•à‡§∏‡§æ ‡§µ‡§∏‡•Ç‡§≤ üôÇ,high
B09NHVCHS9,USBCables,0.7,4.0,"9,377",Working well.,high
B07YY1BY5B,SmartWatches,0.7,4.0,"92,588",They can improve more,high
B09HN7LD5L,TVWall&CeilingMounts,0.59,4.0,184,Not worth !,high
B078G6ZF5Z,WallChargers,0.42,4.0,"14,404",worth every penny,high
B07DJLFMPS,MicroSD,0.77,4.0,"32,625",Good üëç,high
B07WG8PDCW,AutomobileChargers,0.73,4.0,"14,283",Built quality could have been better,high
B09JKNF147,RemoteControls,0.83,4.0,343,Value for Money,high
B09YLXYP7Y,USBCables,0.55,4.0,"1,423",Simply perfect at the price of below 100,high
B0994GFWBH,USBCables,0.86,4.0,"1,313",Good,high
B0BCZCQTJX,RemoteControls,0.64,4.0,32,Remote is working fine,high
B08MWJTST6,Stands,0.79,4.0,"5,072",good product,high
B09NVPSCQT,SmartWatches,0.6,4.0,"30,254",Overall good product,high
B09NHVCHS9,USBCables,0.7,4.0,"9,377",Working well.,high
B09SJ1FTYV,BasicCases,0.9,4.0,"4,740",Good,high
B09XB7DPW1,Smartphones,0.25,4.0,"12,796",Good,high
B098NS6PVG,USBCables,0.43,4.0,"43,994",Good quality for the price but one issue with my unit,high
B09NKZXMWJ,USBCables,0.44,4.0,"9,378",Working well.,high
B09V2Q4QVQ,BasicMobiles,0.19,4.0,"1,28,311",..,high
B09YLXYP7Y,USBCables,0.55,4.0,"1,423",Simply perfect at the price of below 100,high
B09C635BMM,RemoteControls,0.65,4.0,839,A worthy product,high
B09JS562TP,BasicMobiles,0.14,4.0,"9,378",Good,high
B09YV575RK,SmartWatches,0.75,4.0,"9,090",Good looking and beautiful display,high
B08CYPB15D,InkjetInkCartridges,0.06,4.0,"7,199",Okay,high
B08L4SBJRY,Mounts,0.73,4.0,"3,295",Your power outlet has to bear the weight,high
B08JW1GVS7,PowerBanks,0.46,4.0,"8,380",Charging is fast. C to C cable and adaptor not supplied,high
B0B3MQXNFB,USBCables,0.71,4.0,"9,378",Working well.,high
B07WG8PDCW,AutomobileChargers,0.73,4.0,"14,282",Built quality could have been better,high
B09YDFKJF8,BasicMobiles,0.22,4.0,"1,28,311",..,high
B00Y4ORQ46,On-Ear,0.06,4.0,"13,797",Work with teams! perfect budget headphones.,high
B09YLX91QR,USBCables,0.55,4.0,"1,423",Simply perfect at the price of below 100,high
B09YDFDVNS,BasicMobiles,0.22,4.0,"1,28,311",..,high
B09MKG4ZCM,Routers,0.48,4.0,"11,113",Cheap and best WiFi 5 gigabit router,high
B08R69VDHT,USBCables,0.77,4.0,"7,732",Value for money,high
B0978V2CP6,AVReceivers&Amplifiers,0.36,4.0,897,Very good,high
B07WHQBZLS,Smartphones,0.18,4.0,"21,350",Good but camera quality is not up to the expectations camera quality is not up to the expectations,high
B00RGLI0ZS,USBCables,0.25,4.0,"3,231",Usefull to me,high
B07NTKGW45,HardDiskBags,0.56,4.0,"3,025",Quality is not good,high
B0B5F3YZY4,USBCables,0.59,4.0,242,good prodct,high
B08MZQBFLN,Lapdesks,0.83,4.0,"20,457",Good,high
B09Q3M3WLJ,ScreenProtectors,0.73,4.0,691,Good,high
B08FN6WGDQ,In-Ear,0.7,4.0,"4,390",Bluetooth connectivity is not upto the mark,high
B09CMM3VGK,USBCables,0.64,4.0,"1,934",Maine ‚Çπ99 me liya hai offer me or ye worth hai.,high
B07WJWRNVK,Smartphones,0.21,4.0,"21,350",Good but camera quality is not up to the expectations camera quality is not up to the expectations,high
B09TP5KBN7,WallChargers,0.82,4.0,"3,197",Good,high
B0BBN4DZBD,Smartphones,0.28,4.0,"7,807",10/10 value for money ü§ë,high
B09XB7SRQ5,Smartphones,0.25,4.0,"12,796",Good,high
B0B7B9V9QP,SmartTelevisions,0.46,4.0,"1,001",Picture Quality,high
B07KSB1MLX,OpticalCables,0.32,4.0,"3,565",Good,high
B0BHVPTM2C,Lapdesks,0.8,4.0,75,good one,high
B08PZ6HZLT,SmartTelevisions,0.53,4.0,"6,347",Very Nice,high
B09NVPSCQT,SmartWatches,0.6,4.0,"30,254",Nice,high
B09NJN8L25,USBCables,0.7,4.0,"9,378",Working well.,high
B09XB8GFBQ,Smartphones,0.25,4.0,"12,796",Good,high
B09JS94MBV,BasicMobiles,0.14,4.0,"9,378",Good,high
B07WKBD37W,Adapters&Multi-Outlets,0.57,4.0,"2,581",very good product,high
B08K9PX15C,PCSpeakers,0.43,4.0,"7,352",Worthy for our money,high
B0994GFWBH,USBCables,0.86,4.0,"1,313",Good,high
B07DL1KC3H,RemoteControls,0.67,4.0,"1,588",Its a good buy works,high
B09GB5B4BK,Mice,0.33,4.0,"4,018",Product is good,high
B09NHVCHS9,USBCables,0.7,4.0,"9,378",Working well.,high
B08R69WBN7,USBCables,0.7,4.0,"7,732",Value for money,high
B07VJ9ZTXS,HDMICables,0.5,4.0,171,Works well. Does its work as required.,high
B07GNC2592,Cradles,0.4,4.0,"18,654",Nice one,high
B0B4T6MR8N,USBCables,0.89,3.9,"1,075",Good,medium
B09NY6TRXG,Smartphones,0.29,3.9,276,Very good product nice photo and display,medium
B09V12K8NT,SmartWatches,0.79,3.9,"21,797",Nice watch,medium
B07GLSKXS1,Kettle&ToasterSets,0.39,3.9,"2,832",Best Buy for Price of Rs 699,medium
B0B2DJDCPX,USBCables,0.58,3.9,536,Nice,medium
B0BBFJLP21,Smartphones,0.13,3.9,"2,180",Good,medium
B09Z28BQZT,Lapdesks,0.85,3.9,"1,087",Very strong but not stable at all,medium
B09DSQXCM8,LintShavers,0.4,3.9,"1,015",Useful product,medium
B08Y1TFSP6,USBCables,0.85,3.9,"24,870",-,medium
B0B12K5BPM,BluetoothSpeakers,0.54,3.9,"1,779",Good üëç,medium
B08LPJZSSW,TripodLegs,0.6,3.9,"21,372",Satisfactory,medium
B07WMS7TWB,ElectricKettles,0.48,3.9,"1,23,365",Only disadvantage is the cord length.,medium
B08RWCZ6SY,RemoteControls,0.56,3.9,254,Good,medium
B07RX42D3D,SandwichMakers,0.26,3.9,"13,127",Good,medium
B078HG2ZPS,WetGrinders,0.29,3.9,"12,837",Nice product üëç,medium
B0B3RHX6B6,USBCables,0.63,3.9,57,It's very good product I really happy it's quality was amazing thankyou Amazon,medium
B07VQGVL68,DigitalKitchenScales,0.41,3.9,"44,994",Good,medium
B09Y5MP7C4,In-Ear,0.63,3.9,"12,452",It's worth it,medium
B08LVVTGZK,SandwichMakers,0.29,3.9,"1,672",the facility of big sandwich maker in small size.,medium
B096MSW6CT,USBCables,0.9,3.9,"7,928",it's a really nice product,medium
B09V12K8NT,SmartWatches,0.79,3.9,"21,796",Average,medium
B09T37CKQ5,WallChargers,0.6,3.9,"2,147",Good product,medium
B0B4HJNPV4,USBCables,0.8,3.9,"1,075",Good,medium
B077BTLQ67,InstantWaterHeaters,0.43,3.9,588,Good product with affodable price,medium
B00GGGOYEU,USBCables,0.57,3.9,"1,454",Value for money ‚úåÔ∏è,medium
B09XJ5LD6L,Smartphones,0.27,3.9,"8,866",A little overpriced but gets the work done,medium
B08YRMBK9R,StorageWaterHeaters,0.48,3.9,"2,569",Good,medium
B07YC8JHMB,WaterFilters&Purifiers,0.49,3.9,"18,497",Nice product,medium
B09PLFJ7ZW,SmartWatches,0.6,3.9,"7,571",Good,medium
B09H3BXWTK,DigitalKitchenScales,0.79,3.9,578,Good quality,medium
B081NHWT6Z,RemoteControls,0.75,3.9,"1,193",good,medium
B07HZ2QCGR,USBCables,0.42,3.9,"8,314",Good quality,medium
B01JOFKL0A,Printers,0.17,3.9,"8,280",Perfect printer for home purpose,medium
B09MMD1FDN,RemoteControls,0.5,3.9,214,Iska work,medium
B0BHNHMR3H,JuicerMixerGrinders,0.62,3.9,65,I buy a product but in using of twice the product is not working iam totally unsatisfied of this,medium
B07SYYVP69,ElectricKettles,0.59,3.9,710,Product look goods and easy to handle.,medium
B07WGPBXY9,ElectricKettles,0.28,3.9,"17,424",Good product,medium
B09T39K9YL,Smartphones,0.2,3.9,"25,824",Best camera,medium
B07VNFP3C2,ElectricKettles,0.4,3.9,"31,783",Heats up on handle and sides.,medium
B07L3NDN24,MultimediaSpeakerSystems,0.38,3.9,"6,742",Very nice,medium
B088Z1YWBC,Projectors,0.41,3.9,"10,480",Value for money,medium
B09T2S8X9C,Smartphones,0.21,3.9,"25,824",Best camera,medium
B087JWLZ2K,SmartTelevisions,0.51,3.9,"3,518",and Performance,medium
B08FY4FG5X,Over-Ear,0.74,3.9,"13,049",Nice experience in this headphone,medium
B0746JGVDS,Cradles,0.65,3.9,"46,399",Worthy product,medium
B08WWKM5HQ,CeilingFans,0.46,3.9,898,Elegant and good quality product,medium
B09KRHXTLN,FanHeaters,0.37,3.9,313,Not satisfied with the product,medium
B08Y5KXR6Z,USBCables,0.88,3.9,"24,871",Sturdy but does not support 33w charging,medium
B016XVRKZM,UninterruptedPowerSupplies,0.2,3.9,"15,783",it is working,medium
B09F3PDDRF,SATACables,0.65,3.9,817,Not Bad!,medium
B09NL4DCXK,WallChargers,0.58,3.9,"2,147",Good product,medium
B07TCN5VR9,In-Ear,0.67,3.9,"77,027",Ok,medium
B0BBFJ9M3X,Smartphones,0.13,3.9,"2,180",Worth it,medium
B09JSW16QD,USBCables,0.43,3.9,356,Subscribe My channel - Tunetworks GAming,medium
B00BN5SNF0,RechargeableBatteries,0.0,3.9,"13,971",but 1.2 v please check when buying,medium
B09V17S2BG,SmartWatches,0.79,3.9,"21,796",Average,medium
B01MQZ7J8K,ElectricKettles,0.48,3.9,"63,350",Good product üëçüèº,medium
B0B4HKH19N,USBCables,0.73,3.9,"1,075",Good,medium
B08BCKN299,Adapters,0.88,3.9,"6,491",Good,medium
B08QHLXWV3,FanHeaters,0.43,3.9,144,No use,medium
B091JF2TFD,In-Ear,0.62,3.9,"1,173",Average performance,medium
B07DGD4Z4C,MixerGrinders,0.4,3.9,"25,340",Satisfied üòÅ,medium
B08D77XZX5,In-Ear,0.76,3.9,"58,162",Nice,medium
B09BW2GP18,USBCables,0.87,3.9,295,Very fast charge,medium
B08W9BK4MD,LaundryBaskets,0.61,3.9,296,Good product,medium
B014HDJ7ZE,InstantWaterHeaters,0.28,3.9,"3,584",Service and Installation,medium
B071VMP1Z4,RemoteControls,0.0,3.9,"1,951",It‚Äôs Working,medium
B0B466C3G4,SmartTelevisions,0.53,3.9,350,Very good product in this price,medium
B09JFR8H3Q,WaterPurifierAccessories,0.86,3.9,"1,004",Nice,medium
B08Y1SJVV5,USBCables,0.85,3.9,"24,871",Sturdy but does not support 33w charging,medium
B0B65P827P,USBCables,0.77,3.9,61,Charching,medium
B08Y1SJVV5,USBCables,0.85,3.9,"24,870",-,medium
B08BCKN299,Adapters,0.88,3.9,"6,491",Good,medium
B06XR9PR5X,Adapters,0.65,4.4,"18,872",Perfect,high
B01J0XWYKQ,Mice,0.33,4.4,"61,314",Nice mouse,high
B07JPX9CR7,Mice,0.56,4.4,"9,275",Overall the mouse is good.,high
B07W9KYT62,Routers,0.38,4.4,"12,679",install,high
B014I8SSD0,HDMICables,0.35,4.4,"4,26,973",This one was my need to purchase,high
B07XLCFSSN,USBCables,0.53,4.4,"13,552",Good,high
B08QDPB1SL,DisposableBatteries,0.14,4.4,"2,866",Nice üëç,high
B08GM5S4CQ,StorageWaterHeaters,0.51,4.4,"1,771",Good product,high
B08VFF6JQ8,WallChargers,0.28,4.4,"8,891",Need to buy a wire seperately,high
B07L5L4GTB,InkjetInkCartridges,0.24,4.4,"8,614",Original,high
B00LVMTA2A,GeneralPurposeBatteries&BatteryChargers,0.1,4.4,"26,556",Works flawlessly,high
B01DGVKBC6,EthernetCables,0.42,4.4,"8,076",Genuine and good cableüëç,high
B0859M539M,WirelessUSBAdapters,0.43,4.4,"24,780",Good product,high
B075DB1F13,GeneralPurposeBatteries&BatteryChargers,0.0,4.4,"25,996",Good charger,high
B08WKCTFF3,Lapdesks,0.55,4.4,"1,667",Not worth the money!,high
B084N133Y7,USBCables,0.25,4.4,"1,951",Best Product,high
B00E3DVQFS,DisposableBatteries,0.21,4.4,"31,599",2 Year Old Product Delivered..,high
B01M72LILF,Mice,0.38,4.4,"34,852",Good quality,high
B07R679HTT,ColdPressJuicers,0.47,4.4,"2,288",Just got it,high
B07KSMBL2H,HDMICables,0.69,4.4,"4,26,973",This one was my need to purchase,high
B07RX14W1Q,HDMICables,0.45,4.4,"2,165",Excellent one. Worth buying,high
B0BNXFDTZ2,SmartWatches,0.75,4.4,768,Value for money.,high
B08GYG6T12,SecureDigitalCards,0.44,4.4,"69,585",working fine read/write speed is good,high
B09VGS66FV,Kettle&ToasterSets,0.27,4.4,638,Quality product,high
B075ZTJ9XR,HDMICables,0.59,4.4,"35,877",I'll strongly recommend this product to others.,high
B0BBW521YC,PhoneCharms,0.9,4.4,305,Terrific purchase,high
B07D8VBYB4,JuicerMixerGrinders,0.25,4.4,"2,737",Good Juicer,high
B014SZPBM4,DisposableBatteries,0.05,4.4,"2,111",Wrong size,high
B0BP18W8TM,SmartWatches,0.6,4.4,73,Worthy of money,high
B07RZZ1QSW,Tabletop&TravelTripods,0.59,4.4,"10,773",It does the job. Better than the one we get with the tripod.,high
B07M69276N,WirelessUSBAdapters,0.44,4.4,"23,169",Best Product to Buy,high
B084MZXJN6,USBCables,0.41,4.4,"7,318",Works as advertised.,high
B07J2NGB69,Mice,0.55,4.4,"6,301",Just as expected.,high
B01D5H90L4,HDMICables,0.57,4.4,"8,714",Ultimate connectivity.... Using more than couple of years...,high
B07P1BR7L8,OvenToasterGrills,0.04,4.4,"9,734",Good quality,high
B0BPBG712X,FanHeaters,0.33,4.4,17,Portable and easy to use.,high
B00LY1FN1K,Paints,0.13,4.4,"10,170",Lovely,high
B0BDYVC5TD,MicroSD,0.47,4.4,"67,259",It's ok,high
B07XLCFSSN,USBCables,0.53,4.4,"13,552",Good,high
B09W5XR9RT,USBCables,0.51,4.4,184,Good product,high
B01D5H8LDM,RCACables,0.59,4.4,"69,538",Decent quality and 4.6M long,high
B09FFK1PQG,AutomobileChargers,0.49,4.4,"1,680",Very Good!!,high
B08XXF5V6G,SmartTelevisions,0.41,4.4,"1,712",Kodak Tv,high
B07VTFN6HM,ExternalHardDisks,0.24,4.4,"73,005",Heating problem,high
B086JTMRYL,USBCables,0.2,4.4,"19,763",Yup good in all over,high
B0187F2IOK,HandMixers,0.32,4.4,"6,531",Useful,high
B09SFRNKSR,LintShavers,0.4,4.4,290,Easy to use but expensive,high
B07P681N66,WirelessUSBAdapters,0.45,4.4,"24,780",Good product,high
B00LHZW3XY,CompositionNotebooks,0.31,4.4,"8,053",Quality Product,high
B08LHTJTBB,NotebookComputerStands,0.7,4.4,"4,736",Value for money and compact,high
B0BDYW3RN3,MicroSD,0.43,4.4,"67,260",It's ok,high
B0819HZPXL,GamingMice,0.27,4.4,"18,139",A good mouse,high
B07WDKLDRX,Smartphones,0.17,4.4,"20,311",IQOO Neo 6 5G ‚Äì A midrange model that offers virtually everything I want,high
B07ZR4S1G4,RemoteControls,0.66,4.4,"2,640",Good quality,high
B00J4YG0PC,CompositionNotebooks,0.22,4.4,"3,182",The books are beautiful,high
B08VF8V79P,WallChargers,0.37,4.4,"7,462",Good product,high
B09TMZ1MF8,InternalSolidStateDrives,0.57,4.4,"3,029",Affordable price,high
B0974H97TJ,USBCables,0.63,4.4,"28,791",Nil,high
B09VGKFM7Y,WallChargers,0.56,4.4,14,After 12 days not working üòî,high
B07CVR2L5K,MiniFoodProcessors&Choppers,0.39,4.4,"6,027",Very handy and good chopper,high
B073BRXPZX,Mice,0.51,4.4,"25,886",super comfortable,high
B07P681N66,WirelessUSBAdapters,0.45,4.4,"24,780",Good product,high
B09HCH3JZG,HDMICables,0.63,4.4,390,Little expensive,high
B01J8S6X2I,DVICables,0.55,4.4,"25,177",Check Display settings as soon as you install this cable.,high
B097RJ867P,AirFryers,0.24,4.4,"2,981",Quick snack machine,high
B07KKJPTWB,MiniFoodProcessors&Choppers,0.2,4.4,"1,558",I like it,high
B084MZXJNK,USBCables,0.2,4.4,"1,951",Best Product,high
B0B8SRZ5SV,USBCables,0.53,4.4,"13,552",Good,high
B08BJN4MP3,WaterFilters&Purifiers,0.44,4.4,"8,948",Great product truely satisfied,high
B07XLCFSSN,USBCables,0.53,4.4,"13,552",Good,high
B00GG59HU2,HDMICables,0.22,4.4,"44,054",but each time we have to select port in TV,high
B09W5XR9RT,USBCables,0.51,4.4,184,Good product,high
B06XDKWLJH,ExternalHardDisks,0.22,4.4,"25,006",Sleek design,high
B0B935YNR7,MiniFoodProcessors&Choppers,0.55,3.8,441,Good material product.,medium
B093ZNQZ2Y,RemoteControls,0.69,3.8,"1,079",I've bought it 4 times in a year,medium
B07W4HTS8Q,InstantWaterHeaters,0.5,3.8,"3,842",Working Good,medium
B0B54Y2SNX,WallChargers,0.8,3.8,119,Great deal!,medium
B08PKBMJKS,RemoteControls,0.61,3.8,136,On Off button doesn‚Äôt work.,medium
B08CFJBZRK,MixerGrinders,0.48,3.8,"14,062",Bahut badhiya hai,medium
B06XGWRKYT,StandardTelevisions,0.5,3.8,"3,022",Display quality and incomplete product,medium
B0B56YRBNT,Smartphones,0.33,3.8,"3,145",Worth it,medium
B0841KQR1Z,RemoteControls,0.7,3.8,928,Thanks for prompt replacement.,medium
B099PR2GQJ,ElectricHeaters,0.35,3.8,49,Best product,medium
B09GYBZPHF,MixerGrinders,0.54,3.8,"4,383",Nice product,medium
B07Z51CGGH,Wet-DryVacuums,0.45,3.8,"4,353",Good Product,medium
B078KRFWQB,ElectricHeaters,0.37,3.8,"2,732",it's good choice,medium
B08CNLYKW5,MixerGrinders,0.5,3.8,"7,988",‡§Ü‡§µ‡§æ‡§ú ‡§¨‡§π‡•Å‡§§ ‡§Ü‡§§‡•Ä ‡§π‡•à ‡§¨‡§æ‡§ï‡•Ä ‡§Æ‡§ø‡§ï‡•ç‡§∏‡§∞ accha hai,medium
B0B2CZTCL2,Kettle&ToasterSets,0.35,3.8,311,of good quality,medium
B07NRTCDS5,JuicerMixerGrinders,0.2,3.8,"2,206",Don't compare it with really mixer,medium
B07L8KNP5F,On-Ear,0.57,3.8,"60,026",Nice product,medium
B09SDDQQKP,HandheldVacuums,0.45,3.8,687,Handy Vacuum Cleaner,medium
B0832W3B7Q,InductionCooktop,0.5,3.8,"9,791",It is nice product & easy to use best at this price,medium
B07WVQG8WZ,SteamIrons,0.34,3.8,"1,393",Highly Recommended,medium
B08BG4M4N7,RemoteControls,0.6,3.8,538,Good product,medium
B07LG59NPV,In-Ear,0.8,3.8,"1,03,052",IT IS GOOD PRODUCT,medium
B07JF9B592,Condenser,0.32,3.8,"20,218",Gzzzbbbbb mic üé§,medium
B09NR6G588,In-Ear,0.76,3.8,"14,961",Good,medium
B09VH568H7,USBCables,0.6,3.8,51,stopped working in hardly 10 days waste of money C-type connector came out of plastic part,medium
B094G9L9LT,ElectricKettles,0.49,3.8,305,Best market price,medium
B0B467CCB9,StandardTelevisions,0.59,3.8,110,Good,medium
B098R25TGC,In-Ear,0.57,3.8,"14,629",Good product...,medium
B08MCD9JFY,Macro&RinglightFlashes,0.6,3.8,"12,958",Best Budget Ring Light,medium
B09PL79D2X,In-Ear,0.47,3.8,"11,015",üëç Good,medium
B08X77LM8C,Earpads,0.9,3.8,594,Value for money.,medium
B0814ZY6FP,BluetoothSpeakers,0.25,3.8,"10,751",Actually its a good effective speaker,medium
B0B5D39BCD,SmartWatches,0.75,3.8,"17,831",Product itv,medium
B00N3XLDW0,BatteryChargers,0.25,3.8,"40,895",Fast Charging,medium
B08CF4SCNP,Keyboards,0.5,3.8,"3,066",Came with 2 keys not working,medium
B098TV3L96,RemoteControls,0.83,3.8,197,Good,medium
B01GFTEV5Y,InductionCooktop,0.47,3.8,"54,032",Good,medium
B07TTSS5MP,MixerGrinders,0.45,3.8,"1,846",Good in this price,medium
B08K4PSZ3V,StylusPens,0.65,3.8,"16,557",Amazing,medium
B09HS1NDRQ,LaundryBaskets,0.51,3.8,287,Value for money,medium
B0B5B6PQCT,SmartWatches,0.77,3.8,"17,833",Product itv,medium
B08TDJ5BVF,Lamps,0.0,3.8,"3,344",Worth buying,medium
B0B5B6PQCT,SmartWatches,0.75,3.8,"17,831",Product itv,medium
B09BF8JBWX,BasicMobiles,0.16,3.8,"2,352",Phone works well,medium
B00GGGOYEK,USBCables,0.63,3.8,"2,399",Theek hi h,medium
B0B5CGTBKV,SmartWatches,0.75,3.8,"17,833",Product itv,medium
B09P564ZTJ,GraphicTablets,0.85,3.8,"1,173",Good quality product,medium
B09LRZYBH1,TowerSpeakers,0.43,3.8,282,please replace the remote only.,medium
B07DXRGWDJ,SteamIrons,0.29,3.8,"2,112",Just ok,medium
B09127FZCK,RemoteControls,0.67,3.8,425,Awesome product,medium
B0BGPN4GGH,ElectricHeaters,0.54,3.8,4,Not satisfied,medium
B0BMXMLSMM,USBCables,0.8,4.5,127,Value for money product,high
B071VNHMX2,Pop-upToasters,0.0,4.5,"7,949",Wonderful product.,high
B084MZYBTV,USBCables,0.29,4.5,474,Good quality at an affordable price.,high
B09C6HXFC1,USBCables,0.46,4.5,815,As the names say Durable cell it a durable cable ;-),high
B08C4Z69LN,Memory,0.49,4.5,"26,194",Good RAM,high
B0BMXMLSMM,USBCables,0.8,4.5,127,Value for money product,high
B00R1P3B4O,Film,0.0,4.5,"4,875",Cool,high
B07RY2X9MP,HDMICables,0.59,4.5,"1,029",Never thought it be would this good!!,high
B07Y9PY6Y1,JuicerMixerGrinders,0.26,4.5,"5,137",Value for Money,high
B0B3G5XZN5,HandBlenders,0.2,4.5,546,Ok for the Price. Not something perfect,high
B00LHZWD0C,CompositionNotebooks,0.2,4.5,"3,785",One minus star is for one defective piece..,high
B08LW31NQ6,Mice,0.5,4.5,"4,099",Just buy it !!!,high
B09BVCVTBC,GamingKeyboards,0.24,4.5,"1,271",Modding is So easy!!,high
B0BMM7R92G,SmartWatches,0.75,4.5,38,Good product,high
B00NH13Q8W,USBCables,0.63,4.5,"74,977",Good,high
B014SZO90Y,DisposableBatteries,0.16,4.5,"28,030",Good,high
B00V4BGDKU,WirelessUSBAdapters,0.42,4.5,"22,420",Excellent product but it has 1 major and 1 minor inconvenience,high
B0B2DD66GS,MicroSD,0.54,4.5,"19,624",Nice Write Speed But Read Speed Is not that much is giv..Read Speed goes to 90mbps Write 80to90mbps,high
B0B86CDHL1,USBCables,0.61,4.5,149,Be(a)st in the market.,high
B08QW937WV,InstantWaterHeaters,0.52,4.5,19,Good working,high
B094QZLJQ6,ExternalHardDisks,0.28,4.5,"50,273",In the what u expect go for it ....,high
B00NH11KIK,USBCables,0.7,4.5,"1,07,686",Still working after 3 months,high
B07Q4QV1DL,Stands,0.82,4.5,"28,978",Good quality,high
B08WJ86PV2,MousePads,0.7,4.5,"2,453",Smooth experience,high
B08WLY8V9S,MousePads,0.53,4.5,"4,219",Very comfortable,high
B00NNQMYNE,HardDiskBags,0.4,4.5,"21,010",Tough built quality and smooth movement of zip,high
B082T6GXS5,USBCables,0.52,4.5,"5,492",strong enough,high
B00LY12TH6,PaintingMaterials,0.0,4.5,"9,427",This give happiness to my students,high
B0BCVJ3PVP,Lapdesks,0.62,4.5,434,Satisfy,high
B004IO5BMQ,Mice,0.3,4.5,"54,405",Stylish mouse,high
B0148NPH9I,Keyboards,0.17,4.5,"16,146",The best Keyboard for a Mac Environment,high
B07TMCXRFV,ScreenProtectors,0.23,4.5,"16,680",making it affordable price,high
B088ZFJY82,Stands,0.79,4.5,"28,978",Good quality,high
B083GKDRKR,ElectricKettles,0.46,4.5,"23,484",Elegant & Sturdy!,high
B0765B3TH7,HardDiskBags,0.67,4.5,"13,568",Go for it,high
B08N6P8G5K,AirFryers,0.38,4.5,"3,192",Cheap and best,high
B0BNDD9TN6,Projectors,0.52,4.5,7,It's Perfect! Must Buy!! üòä,high
B0083T231O,SurgeProtectors,0.14,4.5,"20,668",Best quality,high
B0B86CDHL1,USBCables,0.61,4.5,149,Be(a)st in the market.,high
B0B8CHJLWJ,ScreenProtectors,0.75,4.5,596,Okish,high
B07G3YNLJB,InternalSolidStateDrives,0.41,4.5,"92,925",Best in class ssd,high
B084N18QZY,USBCables,0.29,4.5,577,good,high
B075S9FVRY,MixerGrinders,0.24,4.5,"1,408",Good working,high
B09TT6BFDX,RemoteControls,0.8,4.5,505,Nice,high
B00NH11PEY,USBCables,0.73,4.5,"74,976",Good,high
B083M7WPZD,Wet-DryVacuums,0.47,4.0,"3,242",Good,high
B00LP9RFSU,WaterPurifierAccessories,0.0,4.0,"3,246",Good product from eureka forbes ... Worst external packing from Amazon delivery,high
B09MFR93KS,MixerGrinders,0.49,4.0,777,Go to it,high
B07H3WDC4X,EggBoilers,0.65,4.0,"15,646",easy to use but very very short wire,high
B09LH32678,WaffleMakers&Irons,0.55,4.0,832,very good however size is small,high
B07SRM58TP,HandheldVacuums,0.21,4.0,"14,368",Handy n works well,high
B0B4PPD89B,VacuumSealers,0.0,4.0,97,Average,high
B08L7J3T31,WaterPurifierAccessories,0.59,4.0,"1,090",Good product,high
B07YR26BJ3,Kettle&ToasterSets,0.4,4.0,"14,030",Owsm,high
B095PWLLY6,CeilingFans,0.24,4.0,"15,382",Good,high
B0B3X2BY3M,InstantWaterHeaters,0.51,4.0,"10,324",Does the work,high
B09NL7LBWT,LintShavers,0.45,4.0,604,Amazing best product,high
B0989W6J2F,VacuumSealers,0.11,4.0,"2,877",Very good,high
B009P2LK08,ElectricHeaters,0.34,4.0,"2,446",Acha hai,high
B07S9M8YTY,DryIrons,0.48,4.0,"4,867",Overall good.,high
B0814P4L98,LaundryBaskets,0.65,4.0,"5,380",Not as shown in the picture. Different products received.,high
B096NTB9XT,WaterFilters&Purifiers,0.35,4.0,"11,206",Easy to install,high
B083J64CBB,LaundryBaskets,0.6,4.0,"10,234",Good but a little costly for what it is.,high
B07Q4NJQC5,DigitalKitchenScales,0.51,4.0,"1,644",Easy to use machine,high
B08VGDBF3B,LaundryBaskets,0.21,4.0,330,Durable and bigger than my expectations,high
B09H7JDJCW,DripCoffeeMachines,0.17,4.0,178,Nice coffee maker,high
B075JJ5NQC,MixerGrinders,0.36,4.0,"20,869",Noice very high improve that first priority,high
B08TM71L54,SteamIrons,0.24,4.0,"1,282",Too costly,high
B07WKB69RS,InstantWaterHeaters,0.62,4.0,"5,292",but little power hungry item,high
B08HDCWDXD,HandheldVacuums,0.55,4.0,743,Deep cleaning,high
B07YQ5SN4H,SandwichMakers,0.5,4.0,314,Great purchase.,high
B09KPXTZXN,MiniFoodProcessors&Choppers,0.53,4.0,"1,679",Warranty registration needs to be user friendly,high
B082KVTRW8,Kettle&ToasterSets,0.37,4.0,"1,765",Worth it,high
B07VX71FZP,FanHeaters,0.4,4.0,"18,543",Compact and easy to use. Suitable for a room,high
B07JZSG42Y,SandwichMakers,0.26,4.0,"2,377",decent grill,high
B07DZ986Q2,SteamIrons,0.13,4.0,"3,160",Not great,high
B08S74GTBT,OutdoorSpeakers,0.6,3.7,418,Useful product if you watch movies in mobile.,medium
B0941392C8,USBCables,0.71,3.7,41,Costless,medium
B08GJNM9N7,RemoteControls,0.75,3.7,490,Quality can be improved,medium
B0B61DSF17,DigitalKitchenScales,0.9,3.7,"2,031",JUST WOW ü§©ü•≥,medium
B08LKS3LSP,USBCables,0.65,3.7,"1,097",‡§†‡•Ä‡§ï ‡§†‡•Ä‡§ï ‡§π‡•à,medium
B082ZQ4479,WetGrinders,0.14,3.7,"1,662",Ok üëçüëçüëçüëç,medium
B08D11DZ2W,In-Ear,0.83,3.7,"28,324",Product is good but battery not as expected,medium
B0BN2576GQ,LintShavers,0.71,3.7,6,Bestest product ever,medium
B0B5KZ3C53,Rice&PastaCookers,0.45,3.7,441,Amazing product for baby and adults both,medium
B00RFWNJMC,RemoteControls,0.61,3.7,"1,383",Worst product,medium
B09Y5FZK9N,Kettle&ToasterSets,0.48,3.7,976,Good,medium
B08TZD7FQN,RemoteControls,0.5,3.7,708,Good product,medium
B0B298D54H,SmartWatches,0.73,3.7,465,Awesome Watch Cover..Fitted Exactly size ...,medium
B095244Q22,USBCables,0.75,3.7,"2,249",review,medium
B092JHPL72,Bedstand&DeskMounts,0.75,3.7,"3,234",Okay product.,medium
B07FL3WRX5,JuicerMixerGrinders,0.49,3.7,"11,217",Very Bad quality product,medium
B0B5GF6DQD,SmartWatches,0.58,3.7,828,Noise,medium
B0814LP6S9,LaundryBaskets,0.68,3.7,"1,470",Good,medium
B098T9CJVQ,HandBlenders,0.7,3.7,74,Affordable,medium
B085194JFL,HDMICables,0.44,3.7,"10,962",Worked will for only 3-4 months.,medium
B07GLNJC25,USBHubs,0.34,3.7,"8,566",Worth full,medium
B0BHZCNC4P,RemoteControls,0.63,3.7,37,Good product and good customer service,medium
B09RQRZW2X,RemoteControls,0.44,3.7,185,Hardness,medium
B07J2BQZD6,LaundryBaskets,0.5,3.7,"7,945",but one of it is damaged,medium
B01N90RZ4M,RemoteControls,0.54,3.7,"2,960",but parts are flimsy.,medium
B08CGW4GYR,HandBlenders,0.62,3.6,"1,988",value for money,medium
B09YLFHFDW,In-Ear,0.43,3.6,"2,272",Good quality and sound but not the best.,medium
B0BHYLCL19,WaterPurifierAccessories,0.52,3.6,37,Waste of money,medium
B009DA69W6,WaterFilters&Purifiers,0.11,3.6,"11,456",I have received delivery yesterday only and found a manufacturing defect i.e. leakage from the top,medium
B07L1N3TJX,LaptopChargers&PowerSupplies,0.51,3.6,"7,689",So far so good,medium
B0B59K1C8F,LintShavers,0.78,3.6,101,Bad product. Product is of no use.,medium
B096YCN3SD,Kettle&ToasterSets,0.45,3.6,"1,074",Good looking but not very strong. What else can you get for 499,medium
B09SGGRKV8,In-Ear,0.6,3.6,"2,492",Good for the price.,medium
B077T3BG5L,Keyboards,0.18,3.6,"33,735",Nice,medium
B00URH5E34,Lamps,0.0,3.6,"13,572",Ultimate nice products,medium
B08CFCK6CW,In-Ear,0.85,3.6,"25,910",It's ok nice..but not up to the mark,medium
B07J9KXQCC,ElectricHeaters,0.59,3.6,550,Very good heater.,medium
B09L8DSSFH,RemoteControls,0.6,3.6,493,for Samsung 6 series,medium
B09B125CFJ,RemoteControls,0.56,3.6,323,Worst,medium
B0141EZMAI,WirelessUSBAdapters,0.66,3.6,"10,134",8139EU based okayish but low reception,medium
B08T8KWNQ9,InstantWaterHeaters,0.71,3.6,63,Very frauding,medium
B07VVXJ2P5,TVWall&CeilingMounts,0.76,3.6,"1,796",Set up box wall mounted without screws,medium
B09GFWJDY1,In-Ear,0.67,3.6,"9,169",Good product,medium
B0141EZMAI,WirelessUSBAdapters,0.66,3.6,"10,134",8139EU based okayish but low reception,medium
B09DDCQFMT,RemoteControls,0.35,3.6,590,Connect Very Well,medium
B09LMMFW3S,MilkFrothers,0.43,3.6,451,Happy That I didn't have to go to Hyderabad for IKEA.,medium
B0B72BSW7K,Lapdesks,0.62,3.5,690,Totally is good üòä,medium
B08D9NDZ1Y,Printers,0.08,3.5,"21,762",Best product at low price,medium
B08RP2L2NL,USBCables,0.65,3.5,"1,121",A useful device.,medium
B09NFSHCWN,ElectricHeaters,0.39,3.5,24,Poor quality,medium
B087FXHB6J,Keyboard&MouseSets,0.3,3.5,"15,295",Very good product,medium
B07T5DKR5D,In-Ear,0.63,3.5,"21,764",good wired earphone,medium
B07PLHTTB4,GraphicTablets,0.8,3.5,"9,638",Useful,medium
B08RHPDNVV,RemoteControls,0.61,3.5,197,It works,medium
B07HK53XM4,LintShavers,0.53,3.5,"1,367",Good stickiness but bad handle,medium
B085W8CFLH,In-Ear,0.67,3.5,"83,996",Good quality,medium
B07V5YF4ND,RemoteControls,0.75,3.5,466,It works,medium
B00MFPCY5C,DustCovers,0.87,3.5,"15,233",Big size,medium
B09ND94ZRG,In-Ear,0.82,3.5,"12,966",Awesome Quality TWS ‚úåÔ∏è,medium
B08RZ12GKR,RemoteControls,0.57,3.5,121,Damaged product,medium
B097JVLW3L,3DGlasses,0.23,3.5,621,Don't buy,medium
B08TGG316Z,HDMICables,0.58,4.6,"3,664",Regarding cable,high
B095RTJH1M,ScreenProtectors,0.66,4.6,"26,603",Great product and genuinely easy to install,high
B07X2L5Z8C,Mice,0.35,4.6,"10,652",This Pebble mouse is just mesmerising to use,high
B00K57MR22,MixerGrinders,0.28,4.6,"6,550",Good but not best,high
B00SH18114,VacuumSealers,0.46,4.6,"2,781",Good clips,high
B09P1MFKG1,FanHeaters,0.67,4.6,9,The final finish product is not  elegant.,high
B09XXZXQC1,Tablets,0.29,4.6,"2,886",good tablet,high
B0BJ966M5K,WaterFilters&Purifiers,0.8,4.6,124,Affordable and we'll functioning R.O.,high
B0B244R4KB,ScreenProtectors,0.66,4.6,"6,129",Totally worth it,high
B0B9BXKBC7,SelfieSticks,0.55,4.6,245,A good selfie stick,high
B07XJYYH7L,USBCables,0.67,3.3,"9,792",Slow charging,medium
B08XMSKKMM,RemoteControls,0.6,3.3,576,Don't buy... This remote,medium
B0B53QFZPY,SmartWatches,0.78,3.3,"4,415",Amezing,medium
B0B9F9PT8R,ElectricHeaters,0.49,3.3,29,Everything as per the description.,medium
B0BMFD94VD,VacuumSealers,0.6,3.3,12,Return,medium
B07GXPDLYQ,HandBlenders,0.5,3.3,"8,427",Good,medium
B08HD7JQHX,PCMicrophones,0.6,3.3,"2,804",It is a good and useful mic for YouTube content maker,medium
B07XJYYH7L,USBCables,0.67,3.3,"9,792",Slow charging,medium
B09LV13JFB,RemoteControls,0.6,3.3,23,No bluetooth,medium
B09Y358DZQ,MixerGrinders,0.53,3.4,422,product have too much scratches on top,medium
B0117H7GZ6,WirelessUSBAdapters,0.38,3.4,"4,642",Wrong product delivered.,medium
B01EJ5MM5M,InkjetPrinters,0.1,3.4,"12,185",Good product,medium
B08QX1CC14,SmartTelevisions,0.62,3.4,902,YouTube me I'd nhi bana pa raha hun,medium
B0BMZ6SY89,FanHeaters,0.44,3.4,15,Totally money West,medium
B097ZQTDVZ,RemoteControls,0.56,3.4,431,worked find keys are hard,medium
B09WN3SRC7,SmartTelevisions,0.44,4.7,"5,935",Nice TV,high
B0B23LW7NV,ScreenProtectors,0.66,4.7,"7,779",Wonderfull wonderfull wonderfull,high
B0BP89YBC1,InstantWaterHeaters,0.57,4.7,"2,591",Good Product,high
B08XLR6DSB,Sewing&EmbroideryMachines,0.52,3.1,"2,449",It was a perfect tool for beginners,medium
B0B3JSWG81,LintShavers,0.8,3.1,2,Useless,medium
B09F6D21BY,RemoteControls,0.6,3.0,103,Just perfect,medium
B0BR4F878Q,InstantWaterHeaters,0.28,4.8,"53,803",Great product,high
B0BP7XLX48,USBCables,0.8,5.0,5,so very good. Thank you so much,high
B0BNDGL26T,JuicerMixerGrinders,0.77,2.8,109,Recommended to buy nice products,low
B0B9JZW1SQ,MiniFoodProcessors&Choppers,0.59,3.2,113,Not good,medium
